#   	Company                                             	Symbol 	Weight   	Price    	Change
1   	Microsoft Corporation                               	MSFT   	4.225750 	137.55   	1.09 (0.80%)
2   	Apple Inc.                                          	AAPL   	3.554739 	203.19   	1.95 (0.97%)
3   	Amazon.com Inc.                                     	AMZN   	3.322912 	2,018.71 	30.41 (1.53%)
4   	Facebook Inc. Class A                               	FB     	1.934165 	200.66   	1.45 (0.73%)
5   	Berkshire Hathaway Inc. Class B                     	BRK-B  	1.680943 	215.23   	0.48 (0.22%)
6   	Johnson & Johnson                                   	JNJ    	1.517274 	141.76   	0.35 (0.25%)
7   	JPMorgan Chase & Co.                                	JPM    	1.485957 	113.08   	-0.28 (-0.24%)
8   	Alphabet Inc. Class C                               	GOOG   	1.393128 	1,136.63 	11.80 (1.05%)
9   	Alphabet Inc. Class A                               	GOOGL  	1.360533 	1,136.85 	12.56 (1.12%)
10  	Exxon Mobil Corporation                             	XOM    	1.306854 	77.16    	0.73 (0.96%)
11  	Visa Inc. Class A                                   	V      	1.249010 	179.24   	1.51 (0.85%)
12  	Procter & Gamble Company                            	PG     	1.144530 	113.88   	0.97 (0.86%)
13  	Bank of America Corp                                	BAC    	1.048816 	29.15    	-0.21 (-0.70%)
14  	Walt Disney Company                                 	DIS    	0.999017 	142.89   	1.28 (0.90%)
15  	Mastercard Incorporated Class A                     	MA     	0.993904 	275.99   	2.65 (0.97%)
16  	AT&T Inc.                                           	T      	0.989184 	33.72    	0.18 (0.52%)
17  	Cisco Systems Inc.                                  	CSCO   	0.974640 	57.25    	0.91 (1.61%)
18  	Pfizer Inc.                                         	PFE    	0.973046 	44.02    	0.65 (1.50%)
19  	Chevron Corporation                                 	CVX    	0.949560 	124.84   	1.49 (1.21%)
20  	UnitedHealth Group Incorporated                     	UNH    	0.944752 	247.42   	1.42 (0.58%)
21  	Verizon Communications Inc.                         	VZ     	0.942790 	56.92    	0.51 (0.90%)
22  	Home Depot Inc.                                     	HD     	0.942640 	210.37   	-1.63 (-0.77%)
23  	Merck & Co. Inc.                                    	MRK    	0.882943 	84.96    	0.10 (0.11%)
24  	Intel Corporation                                   	INTC   	0.864357 	48.26    	0.51 (1.07%)
25  	Coca-Cola Company                                   	KO     	0.800482 	51.84    	0.25 (0.48%)
26  	Comcast Corporation Class A                         	CMCSA  	0.786707 	43.55    	0.57 (1.33%)
27  	Wells Fargo & Company                               	WFC    	0.781841 	47.39    	-0.44 (-0.92%)
28  	Boeing Company                                      	BA     	0.746802 	352.36   	-0.73 (-0.21%)
29  	PepsiCo Inc.                                        	PEP    	0.746308 	133.68   	1.94 (1.47%)
30  	Netflix Inc.                                        	NFLX   	0.671261 	379.07   	-0.86 (-0.23%)
31  	Citigroup Inc.                                      	C      	0.668732 	71.28    	-0.28 (-0.39%)
32  	McDonald's Corporation                              	MCD    	0.654059 	212.72   	0.63 (0.30%)
33  	Walmart Inc.                                        	WMT    	0.638097 	112.52   	-0.36 (-0.32%)
34  	Abbott Laboratories                                 	ABT    	0.607921 	85.41    	0.14 (0.16%)
35  	Adobe Inc.                                          	ADBE   	0.599860 	306.06   	1.86 (0.61%)
36  	Oracle Corporation                                  	ORCL   	0.584446 	60.27    	0.67 (1.12%)
37  	PayPal Holdings Inc                                 	PYPL   	0.562033 	119.71   	1.34 (1.13%)
38  	Medtronic Plc                                       	MDT    	0.533346 	98.62    	0.18 (0.18%)
39  	Honeywell International Inc.                        	HON    	0.516203 	175.17   	-0.35 (-0.20%)
40  	Philip Morris International Inc.                    	PM     	0.499461 	80.14    	0.70 (0.88%)
41  	International Business Machines Corporation         	IBM    	0.498377 	140.98   	1.65 (1.18%)
42  	Accenture Plc Class A                               	ACN    	0.492563 	191.60   	0.51 (0.27%)
43  	Union Pacific Corporation                           	UNP    	0.485148 	169.60   	-0.01 (-0.00%)
44  	salesforce.com inc.                                 	CRM    	0.483119 	155.90   	1.95 (1.27%)
45  	Thermo Fisher Scientific Inc.                       	TMO    	0.480423 	297.49   	0.59 (0.20%)
46  	Costco Wholesale Corporation                        	COST   	0.479809 	269.75   	-0.22 (-0.08%)
47  	Amgen Inc.                                          	AMGN   	0.447593 	183.13   	1.54 (0.85%)
48  	NIKE Inc. Class B                                   	NKE    	0.447122 	87.89    	-0.15 (-0.17%)
49  	Linde plc                                           	LIN    	0.440820 	201.97   	1.00 (0.50%)
50  	Broadcom Inc.                                       	AVGO   	0.440782 	277.13   	1.60 (0.58%)
51  	Texas Instruments Incorporated                      	TXN    	0.438977 	117.12   	1.34 (1.16%)
52  	United Technologies Corporation                     	UTX    	0.427415 	130.81   	0.42 (0.32%)
53  	Starbucks Corporation                               	SBUX   	0.426967 	88.38    	1.15 (1.32%)
54  	AbbVie Inc.                                         	ABBV   	0.425601 	71.38    	0.14 (0.19%)
55  	NextEra Energy Inc.                                 	NEE    	0.402873 	209.97   	1.81 (0.87%)
56  	Eli Lilly and Company                               	LLY    	0.394848 	114.36   	1.28 (1.13%)
57  	NVIDIA Corporation                                  	NVDA   	0.387156 	160.68   	3.37 (2.14%)
58  	3M Company                                          	MMM    	0.385994 	166.58   	0.88 (0.53%)
59  	American Tower Corporation                          	AMT    	0.377453 	211.48   	0.17 (0.08%)
60  	QUALCOMM Incorporated                               	QCOM   	0.376079 	75.34    	-1.21 (-1.58%)
61  	Lockheed Martin Corporation                         	LMT    	0.367269 	369.88   	0.15 (0.04%)
62  	Altria Group Inc                                    	MO     	0.365564 	49.45    	1.10 (2.28%)
63  	Danaher Corporation                                 	DHR    	0.362271 	143.30   	1.01 (0.71%)
64  	General Electric Company                            	GE     	0.361235 	10.28    	0.03 (0.24%)
65  	American Express Company                            	AXP    	0.349930 	127.67   	1.77 (1.41%)
66  	Gilead Sciences Inc.                                	GILD   	0.349019 	67.67    	-0.08 (-0.12%)
67  	Lowe's Companies Inc.                               	LOW    	0.331771 	102.95   	-1.91 (-1.82%)
68  	Booking Holdings Inc.                               	BKNG   	0.328547 	1,866.70 	-11.17 (-0.59%)
69  	Mondelez International Inc. Class A                 	MDLZ   	0.323162 	55.36    	-0.02 (-0.04%)
70  	U.S. Bancorp                                        	USB    	0.322599 	53.25    	-0.09 (-0.17%)
71  	Caterpillar Inc.                                    	CAT    	0.310645 	133.48   	-0.82 (-0.61%)
72  	Bristol-Myers Squibb Company                        	BMY    	0.304336 	46.03    	-0.02 (-0.03%)
73  	Anthem Inc.                                         	ANTM   	0.295334 	287.03   	2.87 (1.01%)
74  	CME Group Inc. Class A                              	CME    	0.292209 	202.71   	0.72 (0.36%)
75  	CVS Health Corporation                              	CVS    	0.287849 	55.22    	0.39 (0.71%)
76  	Automatic Data Processing Inc.                      	ADP    	0.287636 	164.51   	0.97 (0.59%)
77  	United Parcel Service Inc. Class B                  	UPS    	0.286769 	101.99   	0.26 (0.25%)
78  	Goldman Sachs Group Inc.                            	GS     	0.285629 	206.58   	-1.19 (-0.57%)
79  	Intuit Inc.                                         	INTU   	0.283599 	274.60   	3.92 (1.45%)
80  	Charter Communications Inc. Class A                 	CHTR   	0.279782 	405.00   	3.78 (0.94%)
81  	Chubb Limited                                       	CB     	0.276172 	149.17   	-0.08 (-0.05%)
82  	Becton Dickinson and Company                        	BDX    	0.274393 	254.20   	2.48 (0.99%)
83  	ConocoPhillips                                      	COP    	0.273118 	60.79    	0.90 (1.50%)
84  	TJX Companies Inc                                   	TJX    	0.268508 	55.29    	0.50 (0.91%)
85  	Celgene Corporation                                 	CELG   	0.267364 	93.87    	0.06 (0.06%)
86  	Duke Energy Corporation                             	DUK    	0.263031 	89.86    	0.46 (0.51%)
87  	Stryker Corporation                                 	SYK    	0.261525 	209.94   	0.97 (0.46%)
88  	PNC Financial Services Group Inc.                   	PNC    	0.256712 	140.95   	0.16 (0.11%)
89  	Dominion Energy Inc                                 	D      	0.253627 	78.31    	0.09 (0.12%)
90  	Colgate-Palmolive Company                           	CL     	0.253248 	73.61    	0.50 (0.68%)
91  	Intuitive Surgical Inc.                             	ISRG   	0.246445 	531.67   	3.40 (0.64%)
92  	Cigna Corporation                                   	CI     	0.244076 	160.18   	0.45 (0.28%)
93  	Boston Scientific Corporation                       	BSX    	0.241992 	42.79    	-0.27 (-0.63%)
94  	CSX Corporation                                     	CSX    	0.238851 	76.68    	-0.02 (-0.03%)
95  	Southern Company                                    	SO     	0.237901 	56.87    	0.31 (0.55%)
96  	S&P Global Inc.                                     	SPGI   	0.231178 	235.15   	3.67 (1.59%)
97  	BlackRock Inc.                                      	BLK    	0.227785 	476.13   	2.31 (0.49%)
98  	Crown Castle International Corp                     	CCI    	0.227351 	136.18   	0.86 (0.64%)
99  	Morgan Stanley                                      	MS     	0.226195 	43.59    	-0.20 (-0.45%)
100 	Schlumberger NV                                     	SLB    	0.224006 	40.62    	0.42 (1.03%)
101 	Northrop Grumman Corporation                        	NOC    	0.223569 	325.47   	-0.34 (-0.10%)
102 	Illumina Inc.                                       	ILMN   	0.222946 	376.89   	-0.35 (-0.09%)
103 	Zoetis Inc. Class A                                 	ZTS    	0.218014 	115.22   	1.96 (1.73%)
104 	Norfolk Southern Corporation                        	NSC    	0.212552 	197.60   	-0.11 (-0.06%)
105 	DuPont de Nemours Inc.                              	DD     	0.211488 	70.12    	0.12 (0.17%)
106 	Marsh & McLennan Companies Inc.                     	MMC    	0.210842 	101.70   	0.13 (0.13%)
107 	Prologis Inc.                                       	PLD    	0.210611 	83.17    	0.55 (0.67%)
108 	EOG Resources Inc.                                  	EOG    	0.209069 	90.29    	1.14 (1.28%)
109 	Deere & Company                                     	DE     	0.208619 	161.72   	-1.63 (-1.00%)
110 	Allergan plc                                        	AGN    	0.207271 	167.09   	0.64 (0.38%)
111 	Simon Property Group Inc.                           	SPG    	0.204363 	164.31   	-0.22 (-0.13%)
112 	Intercontinental Exchange Inc.                      	ICE    	0.204295 	90.15    	0.55 (0.61%)
113 	General Motors Company                              	GM     	0.202994 	38.09    	0.01 (0.04%)
114 	Air Products and Chemicals Inc.                     	APD    	0.201092 	226.50   	0.45 (0.20%)
115 	Ecolab Inc.                                         	ECL    	0.200760 	198.98   	3.12 (1.59%)
116 	General Dynamics Corporation                        	GD     	0.198434 	182.70   	1.87 (1.03%)
117 	Raytheon Company                                    	RTN    	0.198032 	175.70   	0.76 (0.43%)
118 	Progressive Corporation                             	PGR    	0.195984 	83.12    	-0.36 (-0.43%)
119 	American International Group Inc.                   	AIG    	0.195669 	55.62    	0.10 (0.18%)
120 	MetLife Inc.                                        	MET    	0.193839 	50.42    	0.04 (0.08%)
121 	Charles Schwab Corporation                          	SCHW   	0.192532 	40.13    	-0.14 (-0.36%)
122 	Exelon Corporation                                  	EXC    	0.192190 	49.67    	0.69 (1.41%)
123 	Aon plc                                             	AON    	0.191030 	197.32   	0.77 (0.39%)
124 	Kimberly-Clark Corporation                          	KMB    	0.190151 	137.75   	0.88 (0.64%)
125 	Micron Technology Inc.                              	MU     	0.186562 	42.72    	1.37 (3.31%)
126 	Biogen Inc.                                         	BIIB   	0.185070 	232.94   	-1.28 (-0.55%)
127 	Waste Management Inc.                               	WM     	0.184748 	117.84   	0.83 (0.71%)
128 	Vertex Pharmaceuticals Incorporated                 	VRTX   	0.184725 	178.61   	0.15 (0.08%)
129 	Target Corporation                                  	TGT    	0.181786 	86.04    	-1.76 (-2.00%)
130 	American Electric Power Company Inc.                	AEP    	0.179211 	90.96    	0.60 (0.66%)
131 	Illinois Tool Works Inc.                            	ITW    	0.177638 	146.95   	0.54 (0.37%)
132 	Equinix Inc.                                        	EQIX   	0.177139 	525.24   	3.74 (0.72%)
133 	Capital One Financial Corporation                   	COF    	0.175145 	91.11    	-1.18 (-1.28%)
134 	Walgreens Boots Alliance Inc                        	WBA    	0.174306 	55.65    	0.15 (0.27%)
135 	Aflac Incorporated                                  	AFL    	0.170298 	56.69    	0.16 (0.28%)
136 	L3Harris Technologies Inc                           	LHX    	0.170117 	192.53   	1.27 (0.66%)
137 	Analog Devices Inc.                                 	ADI    	0.169288 	114.10   	0.81 (0.71%)
138 	Applied Materials Inc.                              	AMAT   	0.167729 	45.11    	1.14 (2.59%)
139 	Prudential Financial Inc.                           	PRU    	0.166686 	101.14   	-0.45 (-0.44%)
140 	Kinder Morgan Inc Class P                           	KMI    	0.166277 	21.32    	0.08 (0.38%)
141 	Phillips                                            	PSX    	0.166006 	97.91    	0.19 (0.19%)
142 	Fidelity National Information Services Inc.         	FIS    	0.165819 	126.99   	-0.01 (-0.01%)
143 	Travelers Companies Inc.                            	TRV    	0.163019 	153.64   	0.19 (0.12%)
144 	Estee Lauder Companies Inc. Class A                 	EL     	0.162969 	184.29   	0.39 (0.21%)
145 	Ford Motor Company                                  	F      	0.160579 	10.19    	0.05 (0.44%)
146 	Edwards Lifesciences Corporation                    	EW     	0.160081 	191.48   	1.49 (0.78%)
147 	Emerson Electric Co.                                	EMR    	0.160076 	64.17    	-0.08 (-0.12%)
148 	Baxter International Inc.                           	BAX    	0.155945 	82.63    	1.23 (1.51%)
149 	Roper Technologies Inc.                             	ROP    	0.155915 	376.00   	1.70 (0.45%)
150 	Marriott International Inc. Class A                 	MAR    	0.155834 	140.16   	0.64 (0.46%)
151 	Bank of New York Mellon Corporation                 	BK     	0.154505 	43.24    	-0.17 (-0.38%)
152 	BB&T Corporation                                    	BBT    	0.153783 	49.87    	-0.18 (-0.36%)
153 	FedEx Corporation                                   	FDX    	0.153624 	161.24   	2.05 (1.29%)
154 	Sempra Energy                                       	SRE    	0.153222 	140.07   	1.02 (0.73%)
155 	Ross Stores Inc.                                    	ROST   	0.152688 	102.23   	0.25 (0.25%)
156 	Sherwin-Williams Company                            	SHW    	0.152206 	459.54   	-2.60 (-0.56%)
157 	Autodesk Inc.                                       	ADSK   	0.152083 	173.64   	2.29 (1.34%)
158 	Occidental Petroleum Corporation                    	OXY    	0.149493 	49.71    	0.10 (0.20%)
159 	Public Storage                                      	PSA    	0.149333 	249.58   	2.07 (0.84%)
160 	Cognizant Technology Solutions Corporation Class A  	CTSH   	0.149013 	64.52    	0.14 (0.21%)
161 	Marathon Petroleum Corporation                      	MPC    	0.147888 	54.64    	0.00 (0.00%)
162 	Fiserv Inc.                                         	FISV   	0.147738 	93.96    	0.12 (0.13%)
163 	Dollar General Corporation                          	DG     	0.145659 	140.31   	0.76 (0.54%)
164 	HCA Healthcare Inc                                  	HCA    	0.144858 	136.96   	1.97 (1.46%)
165 	Anadarko Petroleum Corporation                      	APC    	0.144725 	70.80    	-0.19 (-0.27%)
166 	Dow Inc.                                            	DOW    	0.144524 	47.99    	0.12 (0.26%)
167 	Activision Blizzard Inc.                            	ATVI   	0.143545 	46.74    	0.37 (0.79%)
168 	Humana Inc.                                         	HUM    	0.142444 	266.20   	6.06 (2.33%)
169 	Delta Air Lines Inc.                                	DAL    	0.141942 	59.49    	0.53 (0.90%)
170 	Welltower Inc.                                      	WELL   	0.140898 	86.82    	0.72 (0.83%)
171 	Allstate Corporation                                	ALL    	0.140890 	104.20   	-0.47 (-0.44%)
172 	Williams Companies Inc.                             	WMB    	0.139929 	28.97    	0.23 (0.80%)
173 	Valero Energy Corporation                           	VLO    	0.139549 	82.29    	0.05 (0.06%)
174 	Eaton Corp. Plc                                     	ETN    	0.138020 	79.70    	-0.55 (-0.69%)
175 	Yum! Brands Inc.                                    	YUM    	0.136111 	110.85   	0.36 (0.33%)
176 	Sysco Corporation                                   	SYY    	0.135919 	71.98    	0.49 (0.69%)
177 	Johnson Controls International plc                  	JCI    	0.133941 	41.57    	-0.08 (-0.19%)
178 	Constellation Brands Inc. Class A                   	STZ    	0.132757 	200.13   	2.09 (1.06%)
179 	Moody's Corporation                                 	MCO    	0.132479 	200.67   	2.62 (1.32%)
180 	eBay Inc.                                           	EBAY   	0.132231 	40.03    	0.09 (0.21%)
181 	TE Connectivity Ltd.                                	TEL    	0.127951 	94.28    	0.29 (0.31%)
182 	General Mills Inc.                                  	GIS    	0.127906 	54.51    	1.20 (2.24%)
183 	Newmont Goldcorp Corporation                        	NEM    	0.127334 	39.04    	0.28 (0.72%)
184 	HP Inc.                                             	HPQ    	0.127105 	20.79    	0.16 (0.78%)
185 	Xcel Energy Inc.                                    	XEL    	0.126645 	61.33    	0.44 (0.72%)
186 	O'Reilly Automotive Inc.                            	ORLY   	0.123128 	388.08   	2.87 (0.74%)
187 	Public Service Enterprise Group Inc                 	PEG    	0.121971 	60.31    	0.29 (0.48%)
188 	Ingersoll-Rand Plc                                  	IR     	0.120928 	124.69   	0.65 (0.52%)
189 	Xilinx Inc.                                         	XLNX   	0.119444 	118.09   	0.75 (0.64%)
190 	AvalonBay Communities Inc.                          	AVB    	0.119167 	213.55   	2.04 (0.96%)
191 	Advanced Micro Devices Inc.                         	AMD    	0.118814 	33.82    	0.67 (2.01%)
192 	Equity Residential                                  	EQR    	0.117981 	79.82    	0.50 (0.63%)
193 	Amphenol Corporation Class A                        	APH    	0.117797 	97.73    	0.15 (0.15%)
194 	Hilton Worldwide Holdings Inc                       	HLT    	0.117459 	98.86    	-0.15 (-0.15%)
195 	Consolidated Edison Inc.                            	ED     	0.117272 	89.12    	0.40 (0.45%)
196 	ONEOK Inc.                                          	OKE    	0.115560 	70.28    	0.46 (0.66%)
197 	SunTrust Banks Inc.                                 	STI    	0.114707 	64.13    	-0.24 (-0.37%)
198 	Motorola Solutions Inc.                             	MSI    	0.113445 	171.03   	0.68 (0.40%)
199 	AutoZone Inc.                                       	AZO    	0.113384 	1,146.05 	2.96 (0.26%)
200 	V.F. Corporation                                    	VFC    	0.113306 	87.21    	0.45 (0.52%)
201 	Alexion Pharmaceuticals Inc.                        	ALXN   	0.112955 	125.02   	-0.70 (-0.56%)
202 	Lam Research Corporation                            	LRCX   	0.112265 	185.15   	2.07 (1.13%)
203 	Electronic Arts Inc.                                	EA     	0.111720 	93.47    	1.42 (1.55%)
204 	PPG Industries Inc.                                 	PPG    	0.111588 	115.79   	-0.15 (-0.13%)
205 	Twitter Inc.                                        	TWTR   	0.110282 	37.20    	-0.45 (-1.20%)
206 	Paychex Inc.                                        	PAYX   	0.109632 	85.75    	0.54 (0.63%)
207 	WEC Energy Group Inc                                	WEC    	0.108675 	86.19    	0.49 (0.57%)
208 	McKesson Corporation                                	MCK    	0.107343 	140.46   	1.22 (0.88%)
209 	SBA Communications Corp. Class A                    	SBAC   	0.107062 	236.44   	1.69 (0.72%)
210 	Dollar Tree Inc.                                    	DLTR   	0.106682 	111.64   	0.15 (0.13%)
211 	Discover Financial Services                         	DFS    	0.106254 	80.63    	0.11 (0.14%)
212 	T. Rowe Price Group                                 	TROW   	0.105871 	110.14   	0.32 (0.29%)
213 	Ventas Inc.                                         	VTR    	0.105072 	70.96    	0.58 (0.82%)
214 	Corning Inc                                         	GLW    	0.104472 	33.02    	-0.02 (-0.05%)
215 	Global Payments Inc.                                	GPN    	0.103941 	163.76   	-1.02 (-0.62%)
216 	LyondellBasell Industries NV                        	LYB    	0.103549 	84.29    	-0.36 (-0.43%)
217 	Southwest Airlines Co.                              	LUV    	0.103332 	52.17    	0.48 (0.93%)
218 	FleetCor Technologies Inc.                          	FLT    	0.103250 	293.61   	-0.85 (-0.29%)
219 	Monster Beverage Corporation                        	MNST   	0.102383 	65.25    	0.49 (0.76%)
220 	Digital Realty Trust Inc.                           	DLR    	0.101692 	122.23   	0.55 (0.45%)
221 	IQVIA Holdings Inc                                  	IQV    	0.101564 	159.08   	0.54 (0.34%)
222 	Willis Towers Watson Public Limited Company         	WLTW   	0.101336 	194.92   	-0.33 (-0.17%)
223 	Eversource Energy                                   	ES     	0.099871 	77.61    	0.65 (0.84%)
224 	Zimmer Biomet Holdings Inc.                         	ZBH    	0.099214 	121.15   	0.46 (0.38%)
225 	PACCAR Inc                                          	PCAR   	0.098254 	70.84    	0.21 (0.30%)
226 	Cerner Corporation                                  	CERN   	0.098099 	75.37    	0.38 (0.51%)
227 	Verisk Analytics Inc                                	VRSK   	0.098007 	150.35   	0.73 (0.49%)
228 	Tyson Foods Inc. Class A                            	TSN    	0.097870 	82.38    	0.23 (0.28%)
229 	Cummins Inc.                                        	CMI    	0.097313 	168.05   	0.76 (0.45%)
230 	Ball Corporation                                    	BLL    	0.097295 	70.83    	-0.10 (-0.13%)
231 	Regeneron Pharmaceuticals Inc.                      	REGN   	0.097047 	299.89   	-8.08 (-2.62%)
232 	M&T Bank Corporation                                	MTB    	0.096999 	172.23   	-2.01 (-1.15%)
233 	Pioneer Natural Resources Company                   	PXD    	0.096603 	146.15   	2.79 (1.95%)
234 	IDEXX Laboratories Inc.                             	IDXX   	0.096235 	284.22   	4.67 (1.67%)
235 	DTE Energy Company                                  	DTE    	0.096115 	131.60   	0.38 (0.29%)
236 	Fortive Corp.                                       	FTV    	0.095659 	80.01    	-0.26 (-0.32%)
237 	IHS Markit Ltd.                                     	INFO   	0.094718 	65.06    	0.25 (0.39%)
238 	TransDigm Group Incorporated                        	TDG    	0.094647 	490.19   	6.43 (1.33%)
239 	Archer-Daniels-Midland Company                      	ADM    	0.094180 	41.94    	0.17 (0.41%)
240 	Agilent Technologies Inc.                           	A      	0.093786 	73.50    	0.05 (0.07%)
241 	VeriSign Inc.                                       	VRSN   	0.092901 	217.23   	-0.25 (-0.11%)
242 	Synchrony Financial                                 	SYF    	0.091645 	35.71    	-0.06 (-0.15%)
243 	Edison International                                	EIX    	0.091330 	69.77    	0.05 (0.08%)
244 	Realty Income Corporation                           	O      	0.089961 	71.27    	0.56 (0.79%)
245 	PPL Corporation                                     	PPL    	0.089512 	30.34    	-0.35 (-1.14%)
246 	Total System Services Inc.                          	TSS    	0.088383 	131.70   	-0.80 (-0.60%)
247 	FirstEnergy Corp.                                   	FE     	0.088194 	43.60    	0.06 (0.14%)
248 	Stanley Black & Decker Inc.                         	SWK    	0.088056 	143.40   	-0.84 (-0.58%)
249 	Mettler-Toledo International Inc.                   	MTD    	0.086168 	858.50   	-3.05 (-0.35%)
250 	American Water Works Company Inc.                   	AWK    	0.086068 	118.96   	0.67 (0.57%)
251 	Parker-Hannifin Corporation                         	PH     	0.085822 	161.80   	-1.57 (-0.96%)
252 	Microchip Technology Incorporated                   	MCHP   	0.085017 	90.09    	0.87 (0.98%)
253 	Cadence Design Systems Inc.                         	CDNS   	0.084602 	75.00    	0.51 (0.68%)
254 	State Street Corporation                            	STT    	0.083931 	54.89    	-0.18 (-0.33%)
255 	Centene Corporation                                 	CNC    	0.083811 	51.06    	0.61 (1.21%)
256 	Fifth Third Bancorp                                 	FITB   	0.083042 	27.93    	-0.34 (-1.19%)
257 	AMETEK Inc.                                         	AME    	0.082712 	90.13    	-0.24 (-0.27%)
258 	Hartford Financial Services Group Inc.              	HIG    	0.082511 	57.03    	-0.05 (-0.09%)
259 	Halliburton Company                                 	HAL    	0.082481 	23.72    	0.15 (0.64%)
260 	Boston Properties Inc.                              	BXP    	0.082043 	133.88   	1.83 (1.39%)
261 	Ameriprise Financial Inc.                           	AMP    	0.081773 	149.62   	-0.58 (-0.39%)
262 	Synopsys Inc.                                       	SNPS   	0.081751 	137.28   	1.42 (1.04%)
263 	Corteva Inc                                         	CTVA   	0.081546 	26.84    	-0.16 (-0.57%)
264 	Cintas Corporation                                  	CTAS   	0.081492 	239.57   	1.15 (0.48%)
265 	United Airlines Holdings Inc.                       	UAL    	0.081381 	89.96    	0.50 (0.56%)
266 	Northern Trust Corporation                          	NTRS   	0.081371 	91.14    	-0.45 (-0.49%)
267 	Concho Resources Inc.                               	CXO    	0.080964 	102.61   	2.34 (2.33%)
268 	Essex Property Trust Inc.                           	ESS    	0.080758 	308.48   	3.10 (1.02%)
269 	MSCI Inc. Class A                                   	MSCI   	0.080696 	239.32   	1.32 (0.55%)
270 	Hewlett Packard Enterprise Co.                      	HPE    	0.080460 	14.98    	0.11 (0.74%)
271 	Clorox Company                                      	CLX    	0.080168 	154.80   	-0.65 (-0.42%)
272 	Aptiv PLC                                           	APTV   	0.080166 	77.34    	1.27 (1.67%)
273 	Align Technology Inc.                               	ALGN   	0.080059 	287.29   	11.88 (4.31%)
274 	Entergy Corporation                                 	ETR    	0.079491 	105.17   	0.93 (0.89%)
275 	Weyerhaeuser Company                                	WY     	0.078729 	26.48    	0.19 (0.72%)
276 	Ulta Beauty Inc                                     	ULTA   	0.078602 	347.01   	-1.47 (-0.42%)
277 	KLA-Tencor Corporation                              	KLAC   	0.078181 	119.93   	2.15 (1.82%)
278 	McCormick & Company Incorporated                    	MKC    	0.077924 	157.62   	-0.45 (-0.28%)
279 	Hershey Company                                     	HSY    	0.077034 	138.66   	0.04 (0.03%)
280 	Royal Caribbean Cruises Ltd.                        	RCL    	0.076789 	111.50   	0.28 (0.25%)
281 	Kraft Heinz Company                                 	KHC    	0.076358 	31.19    	0.69 (2.25%)
282 	Republic Services Inc.                              	RSG    	0.075579 	87.57    	0.36 (0.41%)
283 	Ameren Corporation                                  	AEE    	0.075358 	76.85    	0.24 (0.31%)
284 	Omnicom Group Inc                                   	OMC    	0.075021 	84.07    	-0.18 (-0.21%)
285 	CBS Corporation Class B                             	CBS    	0.074399 	52.43    	0.12 (0.23%)
286 	Rockwell Automation Inc.                            	ROK    	0.074202 	154.25   	-0.91 (-0.58%)
287 	Carnival Corporation                                	CCL    	0.073756 	45.66    	-0.27 (-0.58%)
288 	Vulcan Materials Company                            	VMC    	0.073623 	137.40   	-0.53 (-0.38%)
289 	Chipotle Mexican Grill Inc.                         	CMG    	0.072956 	740.08   	-5.41 (-0.73%)
290 	Church & Dwight Co. Inc.                            	CHD    	0.072861 	74.52    	0.83 (1.13%)
291 	Fastenal Company                                    	FAST   	0.072738 	31.43    	-0.14 (-0.44%)
292 	KeyCorp                                             	KEY    	0.072345 	17.68    	-0.16 (-0.90%)
293 	Amcor PLC                                           	AMCR   	0.072282 	11.01    	-0.02 (-0.14%)
294 	ResMed Inc.                                         	RMD    	0.071449 	124.32   	0.30 (0.24%)
295 	Kroger Co.                                          	KR     	0.070773 	21.65    	-0.06 (-0.28%)
296 	Laboratory Corporation of America Holdings          	LH     	0.070675 	174.91   	0.21 (0.12%)
297 	International Paper Company                         	IP     	0.070176 	43.32    	0.10 (0.22%)
298 	ANSYS Inc.                                          	ANSS   	0.070096 	209.16   	2.44 (1.18%)
299 	Nucor Corporation                                   	NUE    	0.068579 	54.46    	-0.06 (-0.11%)
300 	Citizens Financial Group Inc.                       	CFG    	0.068140 	35.27    	-0.72 (-2.00%)
301 	Keysight Technologies Inc                           	KEYS   	0.068073 	89.69    	-0.36 (-0.40%)
302 	Maxim Integrated Products Inc.                      	MXIM   	0.067855 	61.18    	0.61 (1.01%)
303 	First Republic Bank                                 	FRC    	0.067769 	101.04   	0.04 (0.04%)
304 	CMS Energy Corporation                              	CMS    	0.067516 	59.05    	0.17 (0.29%)
305 	Best Buy Co. Inc.                                   	BBY    	0.067318 	72.09    	0.23 (0.31%)
306 	Arthur J. Gallagher & Co.                           	AJG    	0.067176 	90.49    	-0.27 (-0.30%)
307 	Alexandria Real Estate Equities Inc.                	ARE    	0.067105 	149.66   	1.68 (1.14%)
308 	Equifax Inc.                                        	EFX    	0.066667 	136.21   	-0.98 (-0.71%)
309 	Diamondback Energy Inc.                             	FANG   	0.066553 	109.45   	2.48 (2.32%)
310 	Cooper Companies Inc.                               	COO    	0.066025 	331.34   	-1.58 (-0.47%)
311 	Cincinnati Financial Corporation                    	CINF   	0.065907 	107.40   	-0.10 (-0.09%)
312 	CBRE Group Inc. Class A                             	CBRE   	0.065666 	52.48    	0.23 (0.44%)
313 	Symantec Corporation                                	SYMC   	0.065165 	25.52    	-0.04 (-0.16%)
314 	Hess Corporation                                    	HES    	0.063517 	63.27    	1.22 (1.97%)
315 	Regions Financial Corporation                       	RF     	0.063255 	15.22    	-0.10 (-0.62%)
316 	HCP Inc.                                            	HCP    	0.063161 	33.33    	0.22 (0.66%)
317 	Expedia Group Inc.                                  	EXPE   	0.062971 	133.81   	0.36 (0.27%)
318 	Freeport-McMoRan Inc.                               	FCX    	0.062670 	10.99    	0.12 (1.07%)
319 	Teleflex Incorporated                               	TFX    	0.062566 	334.88   	-0.47 (-0.14%)
320 	Waters Corporation                                  	WAT    	0.062322 	218.64   	1.65 (0.76%)
321 	Principal Financial Group Inc.                      	PFG    	0.061598 	58.16    	-0.31 (-0.53%)
322 	Loews Corporation                                   	L      	0.061364 	55.55    	0.06 (0.11%)
323 	Genuine Parts Company                               	GPC    	0.061212 	104.79   	0.63 (0.60%)
324 	Broadridge Financial Solutions Inc.                 	BR     	0.060698 	131.62   	0.56 (0.43%)
325 	Evergy Inc.                                         	EVRG   	0.060618 	61.79    	0.34 (0.55%)
326 	Copart Inc.                                         	CPRT   	0.060446 	76.14    	0.88 (1.16%)
327 	Darden Restaurants Inc.                             	DRI    	0.060419 	121.78   	-0.80 (-0.65%)
328 	Gartner Inc.                                        	IT     	0.060203 	168.89   	1.31 (0.78%)
329 	DXC Technology Co.                                  	DXC    	0.059901 	55.55    	0.00 (0.00%)
330 	Incyte Corporation                                  	INCY   	0.059882 	84.05    	0.23 (0.27%)
331 	NetApp Inc.                                         	NTAP   	0.059717 	60.36    	0.21 (0.35%)
332 	D.R. Horton Inc.                                    	DHI    	0.059632 	44.65    	0.74 (1.69%)
333 	Western Digital Corporation                         	WDC    	0.059534 	53.68    	2.20 (4.27%)
334 	MGM Resorts International                           	MGM    	0.059480 	29.26    	0.03 (0.09%)
335 	Dover Corporation                                   	DOV    	0.058945 	99.26    	-1.13 (-1.13%)
336 	Huntington Bancshares Incorporated                  	HBAN   	0.058831 	13.75    	-0.11 (-0.76%)
337 	CarMax Inc.                                         	KMX    	0.058823 	87.73    	0.15 (0.17%)
338 	CenterPoint Energy Inc.                             	CNP    	0.058616 	29.08    	-0.01 (-0.03%)
339 	Xylem Inc.                                          	XYL    	0.058545 	80.39    	-0.59 (-0.73%)
340 	International Flavors & Fragrances Inc.             	IFF    	0.057131 	142.19   	0.19 (0.13%)
341 	Arista Networks Inc.                                	ANET   	0.056878 	272.49   	1.94 (0.72%)
342 	Martin Marietta Materials Inc.                      	MLM    	0.056791 	226.96   	-1.98 (-0.86%)
343 	Extra Space Storage Inc.                            	EXR    	0.056663 	111.30   	0.74 (0.67%)
344 	Skyworks Solutions Inc.                             	SWKS   	0.056650 	80.39    	0.63 (0.78%)
345 	WellCare Health Plans Inc.                          	WCG    	0.056485 	280.57   	2.72 (0.98%)
346 	Cardinal Health Inc.                                	CAH    	0.056276 	47.57    	0.37 (0.78%)
347 	Mid-America Apartment Communities Inc.              	MAA    	0.056151 	123.68   	1.20 (0.98%)
348 	AmerisourceBergen Corporation                       	ABC    	0.056098 	89.16    	0.93 (1.05%)
349 	Kellogg Company                                     	K      	0.055181 	55.27    	0.42 (0.77%)
350 	Lennar Corporation Class A                          	LEN    	0.054941 	48.09    	0.76 (1.60%)
351 	Quest Diagnostics Incorporated                      	DGX    	0.054797 	102.54   	0.53 (0.52%)
352 	DENTSPLY SIRONA Inc.                                	XRAY   	0.054430 	57.49    	-0.09 (-0.15%)
353 	J.M. Smucker Company                                	SJM    	0.054388 	118.20   	-0.57 (-0.48%)
354 	Conagra Brands Inc.                                 	CAG    	0.054301 	28.25    	0.25 (0.89%)
355 	Celanese Corporation                                	CE     	0.054231 	104.43   	-0.30 (-0.29%)
356 	Host Hotels & Resorts Inc.                          	HST    	0.053896 	18.31    	0.23 (1.24%)
357 	Lincoln National Corporation                        	LNC    	0.053691 	65.14    	-0.27 (-0.41%)
358 	UDR Inc.                                            	UDR    	0.053123 	46.90    	0.25 (0.53%)
359 	Tractor Supply Company                              	TSCO   	0.053106 	109.21   	-0.89 (-0.81%)
360 	Akamai Technologies Inc.                            	AKAM   	0.053017 	81.92    	0.56 (0.69%)
361 	American Airlines Group Inc.                        	AAL    	0.052631 	33.14    	0.78 (2.39%)
362 	MarketAxess Holdings Inc.                           	MKTX   	0.052243 	350.42   	7.52 (2.19%)
363 	Wynn Resorts Limited                                	WYNN   	0.052051 	131.08   	-2.65 (-1.98%)
364 	Take-Two Interactive Software Inc.                  	TTWO   	0.052022 	116.97   	1.88 (1.63%)
365 	Hologic Inc.                                        	HOLX   	0.051685 	47.87    	0.06 (0.12%)
366 	Baker Hughes a GE Company Class A                   	BHGE   	0.051607 	25.28    	0.28 (1.12%)
367 	Fox Corporation Class A                             	FOXA   	0.051101 	36.19    	0.17 (0.47%)
368 	Expeditors International of Washington Inc.         	EXPD   	0.050927 	72.27    	-1.26 (-1.71%)
369 	Varian Medical Systems Inc.                         	VAR    	0.050726 	138.77   	0.67 (0.49%)
370 	Citrix Systems Inc.                                 	CTXS   	0.050382 	99.76    	0.80 (0.81%)
371 	Textron Inc.                                        	TXT    	0.050311 	52.84    	-0.50 (-0.94%)
372 	Atmos Energy Corporation                            	ATO    	0.050296 	107.02   	0.04 (0.04%)
373 	Hasbro Inc.                                         	HAS    	0.050277 	108.48   	0.26 (0.24%)
374 	Cboe Global Markets Inc                             	CBOE   	0.049145 	111.67   	0.69 (0.62%)
375 	Kansas City Southern                                	KSU    	0.048949 	119.51   	-1.25 (-1.04%)
376 	W.W. Grainger Inc.                                  	GWW    	0.048155 	262.72   	-3.97 (-1.49%)
377 	Masco Corporation                                   	MAS    	0.047959 	38.56    	-0.74 (-1.87%)
378 	Seagate Technology PLC                              	STX    	0.047767 	47.54    	1.50 (3.26%)
379 	Duke Realty Corporation                             	DRE    	0.047712 	33.22    	0.23 (0.70%)
380 	Nasdaq Inc.                                         	NDAQ   	0.047639 	103.04   	1.43 (1.41%)
381 	Alliant Energy Corp                                 	LNT    	0.047628 	50.33    	0.22 (0.44%)
382 	Westinghouse Air Brake Technologies Corporation     	WAB    	0.047247 	70.83    	-1.44 (-2.00%)
383 	Devon Energy Corporation                            	DVN    	0.047115 	28.76    	0.68 (2.42%)
384 	Fortinet Inc.                                       	FTNT   	0.047027 	80.77    	0.22 (0.27%)
385 	Comerica Incorporated                               	CMA    	0.046921 	71.87    	-0.78 (-1.07%)
386 	Regency Centers Corporation                         	REG    	0.046791 	69.73    	0.32 (0.45%)
387 	ABIOMED Inc.                                        	ABMD   	0.046701 	256.65   	-0.66 (-0.25%)
388 	Vornado Realty Trust                                	VNO    	0.046070 	66.60    	0.59 (0.89%)
389 	C.H. Robinson Worldwide Inc.                        	CHRW   	0.045905 	82.89    	-0.30 (-0.36%)
390 	Marathon Oil Corporation                            	MRO    	0.045736 	13.89    	0.35 (2.55%)
391 	CenturyLink Inc.                                    	CTL    	0.045677 	11.88    	0.10 (0.85%)
392 	Advance Auto Parts Inc.                             	AAP    	0.045562 	155.69   	0.19 (0.12%)
393 	SVB Financial Group                                 	SIVB   	0.045520 	216.33   	-1.41 (-0.65%)
394 	AES Corporation                                     	AES    	0.045488 	17.06    	-0.01 (-0.03%)
395 	E*TRADE Financial Corporation                       	ETFC   	0.044846 	44.76    	-0.54 (-1.19%)
396 	FMC Corporation                                     	FMC    	0.044598 	82.08    	-0.25 (-0.30%)
397 	Hormel Foods Corporation                            	HRL    	0.044491 	41.16    	-0.02 (-0.05%)
398 	Raymond James Financial Inc.                        	RJF    	0.044415 	85.15    	0.12 (0.14%)
399 	Norwegian Cruise Line Holdings Ltd.                 	NCLH   	0.044313 	50.44    	-0.32 (-0.63%)
400 	NiSource Inc                                        	NI     	0.044274 	29.56    	0.00 (0.00%)
401 	Universal Health Services Inc. Class B              	UHS    	0.044047 	129.58   	0.69 (0.54%)
402 	Viacom Inc. Class B                                 	VIAB   	0.043617 	31.36    	0.11 (0.35%)
403 	Pinnacle West Capital Corporation                   	PNW    	0.043334 	95.64    	0.12 (0.13%)
404 	United Rentals Inc.                                 	URI    	0.043201 	130.28   	-1.13 (-0.86%)
405 	PerkinElmer Inc.                                    	PKI    	0.042923 	96.33    	0.13 (0.14%)
406 	Franklin Resources Inc.                             	BEN    	0.042482 	34.78    	-0.15 (-0.42%)
407 	TechnipFMC Plc                                      	FTI    	0.042178 	25.31    	0.75 (3.05%)
408 	Jack Henry & Associates Inc.                        	JKHY   	0.042118 	137.41   	0.73 (0.53%)
409 	Cabot Oil & Gas Corporation                         	COG    	0.041961 	23.95    	0.02 (0.08%)
410 	Noble Energy Inc.                                   	NBL    	0.041864 	22.28    	0.77 (3.56%)
411 	Eastman Chemical Company                            	EMN    	0.041820 	74.66    	0.02 (0.03%)
412 	Everest Re Group Ltd.                               	RE     	0.041813 	258.58   	1.19 (0.46%)
413 	Henry Schein Inc.                                   	HSIC   	0.041802 	69.42    	0.52 (0.75%)
414 	Arconic Inc.                                        	ARNC   	0.041697 	25.89    	0.05 (0.17%)
415 	Allegion PLC                                        	ALLE   	0.041627 	109.89   	-0.28 (-0.25%)
416 	Discovery Inc. Class C                              	DISCK  	0.041527 	28.92    	-0.12 (-0.40%)
417 	Molson Coors Brewing Company Class B                	TAP    	0.041335 	56.26    	0.72 (1.30%)
418 	CF Industries Holdings Inc.                         	CF     	0.040962 	44.46    	0.07 (0.16%)
419 	Apache Corporation                                  	APA    	0.040741 	27.37    	0.42 (1.56%)
420 	Tiffany & Co.                                       	TIF    	0.040379 	92.90    	-0.21 (-0.23%)
421 	Mylan N.V.                                          	MYL    	0.040207 	18.99    	-0.63 (-3.21%)
422 	Avery Dennison Corporation                          	AVY    	0.039869 	115.50   	-0.15 (-0.13%)
423 	Huntington Ingalls Industries Inc.                  	HII    	0.039730 	232.12   	0.88 (0.38%)
424 	Federal Realty Investment Trust                     	FRT    	0.039691 	133.52   	0.83 (0.63%)
425 	Jacobs Engineering Group Inc.                       	JEC    	0.039618 	84.06    	0.06 (0.07%)
426 	NRG Energy Inc.                                     	NRG    	0.038421 	35.95    	0.36 (1.01%)
427 	Lamb Weston Holdings Inc.                           	LW     	0.038390 	66.26    	1.18 (1.81%)
428 	Garmin Ltd.                                         	GRMN   	0.038034 	78.57    	-0.57 (-0.72%)
429 	WestRock Company                                    	WRK    	0.037962 	37.79    	0.37 (0.99%)
430 	Torchmark Corporation                               	TMK    	0.037739 	91.19    	-0.35 (-0.38%)
431 	Mohawk Industries Inc.                              	MHK    	0.037596 	149.23   	-0.66 (-0.44%)
432 	Brown-Forman Corporation Class B                    	BF-B   	0.037391 	56.88    	0.84 (1.50%)
433 	Packaging Corporation of America                    	PKG    	0.037170 	99.99    	0.34 (0.34%)
434 	DISH Network Corporation Class A                    	DISH   	0.036874 	40.64    	-0.09 (-0.22%)
435 	Western Union Company                               	WU     	0.036666 	20.59    	-0.06 (-0.29%)
436 	Juniper Networks Inc.                               	JNPR   	0.036327 	26.25    	-0.06 (-0.23%)
437 	Whirlpool Corporation                               	WHR    	0.036188 	142.13   	-0.67 (-0.47%)
438 	Iron Mountain Inc.                                  	IRM    	0.035939 	31.95    	0.35 (1.11%)
439 	Zions Bancorporation N.A.                           	ZION   	0.035452 	45.70    	-0.23 (-0.50%)
440 	Snap-on Incorporated                                	SNA    	0.035297 	157.25   	0.05 (0.03%)
441 	Interpublic Group of Companies Inc.                 	IPG    	0.035278 	23.35    	0.20 (0.84%)
442 	Tapestry Inc.                                       	TPR    	0.034603 	29.02    	-0.62 (-2.09%)
443 	F5 Networks Inc.                                    	FFIV   	0.034486 	142.41   	-0.27 (-0.19%)
444 	Qorvo Inc.                                          	QRVO   	0.034468 	69.97    	0.34 (0.49%)
445 	Invesco Ltd.                                        	IVZ    	0.033503 	20.61    	-0.03 (-0.12%)
446 	National Oilwell Varco Inc.                         	NOV    	0.033227 	22.13    	0.61 (2.81%)
447 	PulteGroup Inc.                                     	PHM    	0.033212 	32.53    	0.54 (1.67%)
448 	LKQ Corporation                                     	LKQ    	0.032921 	26.26    	0.23 (0.86%)
449 	Mosaic Company                                      	MOS    	0.032879 	23.18    	-0.15 (-0.64%)
450 	BorgWarner Inc.                                     	BWA    	0.032647 	39.28    	-0.02 (-0.05%)
451 	Apartment Investment and Management Company Class A 	AIV    	0.032307 	52.37    	0.42 (0.81%)
452 	Nielsen Holdings Plc                                	NLSN   	0.031787 	22.45    	0.02 (0.09%)
453 	Kohl's Corporation                                  	KSS    	0.031773 	47.54    	-0.21 (-0.44%)
454 	Fortune Brands Home & Security Inc.                 	FBHS   	0.031472 	55.19    	-0.51 (-0.92%)
455 	Campbell Soup Company                               	CPB    	0.031346 	41.52    	0.06 (0.14%)
456 	Kimco Realty Corporation                            	KIM    	0.031326 	18.82    	0.18 (0.97%)
457 	Alaska Air Group Inc.                               	ALK    	0.031044 	63.37    	-0.32 (-0.50%)
458 	J.B. Hunt Transport Services Inc.                   	JBHT   	0.030461 	88.57    	-0.30 (-0.33%)
459 	Albemarle Corporation                               	ALB    	0.030451 	70.66    	0.04 (0.06%)
460 	Unum Group                                          	UNM    	0.029953 	32.98    	-1.57 (-4.54%)
461 	HollyFrontier Corporation                           	HFC    	0.029860 	46.48    	0.13 (0.28%)
462 	FLIR Systems Inc.                                   	FLIR   	0.029360 	54.09    	-0.06 (-0.11%)
463 	Xerox Corporation                                   	XRX    	0.028859 	35.88    	-0.07 (-0.20%)
464 	SL Green Realty Corp.                               	SLG    	0.027904 	81.83    	0.61 (0.75%)
465 	Robert Half International Inc.                      	RHI    	0.027902 	57.44    	0.00 (0.00%)
466 	Alliance Data Systems Corporation                   	ADS    	0.027878 	148.31   	0.30 (0.20%)
467 	Assurant Inc.                                       	AIZ    	0.027498 	110.22   	-0.46 (-0.42%)
468 	PVH Corp.                                           	PVH    	0.027456 	88.30    	-1.77 (-1.97%)
469 	Sealed Air Corporation                              	SEE    	0.027334 	43.26    	-0.07 (-0.15%)
470 	Flowserve Corporation                               	FLS    	0.026962 	51.56    	-0.57 (-1.09%)
471 	People's United Financial Inc.                      	PBCT   	0.026776 	16.67    	-0.13 (-0.75%)
472 	DaVita Inc.                                         	DVA    	0.026486 	54.85    	2.30 (4.38%)
473 	A. O. Smith Corporation                             	AOS    	0.025803 	44.57    	-0.49 (-1.09%)
474 	Macy's Inc                                          	M      	0.025708 	21.36    	0.13 (0.61%)
475 	Perrigo Co. Plc                                     	PRGO   	0.025482 	50.63    	-0.38 (-0.74%)
476 	Hanesbrands Inc.                                    	HBI    	0.025157 	16.60    	-0.59 (-3.41%)
477 	Ralph Lauren Corporation Class A                    	RL     	0.024742 	110.03   	-0.56 (-0.51%)
478 	Pentair plc                                         	PNR    	0.024120 	37.11    	0.14 (0.38%)
479 	L Brands Inc.                                       	LB     	0.023948 	25.94    	-0.46 (-1.74%)
480 	Nektar Therapeutics                                 	NKTR   	0.023903 	34.62    	-0.22 (-0.63%)
481 	Newell Brands Inc                                   	NWL    	0.023504 	15.02    	-0.03 (-0.17%)
482 	Harley-Davidson Inc.                                	HOG    	0.023434 	35.96    	0.51 (1.44%)
483 	H&R Block Inc.                                      	HRB    	0.023347 	28.64    	-0.20 (-0.69%)
484 	Cimarex Energy Co.                                  	XEC    	0.023309 	58.03    	0.89 (1.56%)
485 	Fox Corporation Class B                             	FOX    	0.023268 	36.15    	0.14 (0.39%)
486 	Jefferies Financial Group Inc.                      	JEF    	0.022636 	21.51    	0.08 (0.35%)
487 	Quanta Services Inc.                                	PWR    	0.022305 	37.75    	-0.42 (-1.10%)
488 	Helmerich & Payne Inc.                              	HP     	0.021763 	51.50    	0.94 (1.86%)
489 	Rollins Inc.                                        	ROL    	0.021732 	37.31    	0.29 (0.78%)
490 	Capri Holdings Limited                              	CPRI   	0.021074 	34.63    	0.33 (0.96%)
491 	IPG Photonics Corporation                           	IPGP   	0.020159 	142.39   	1.46 (1.04%)
492 	News Corporation Class A                            	NWSA   	0.020150 	13.33    	0.03 (0.19%)
493 	Leggett & Platt Incorporated                        	LEG    	0.019830 	38.03    	0.11 (0.28%)
494 	Under Armour Inc. Class A                           	UAA    	0.019549 	26.22    	-0.37 (-1.39%)
495 	Discovery Inc. Class A                              	DISCA  	0.019514 	31.54    	-0.09 (-0.30%)
496 	Affiliated Managers Group Inc.                      	AMG    	0.019198 	91.11    	0.69 (0.76%)
497 	Foot Locker Inc.                                    	FL     	0.019134 	41.05    	-0.19 (-0.46%)
498 	TripAdvisor Inc.                                    	TRIP   	0.018614 	46.04    	0.25 (0.55%)
499 	Under Armour Inc. Class C                           	UA     	0.017279 	22.88    	-0.33 (-1.42%)
500 	Gap Inc.                                            	GPS    	0.015645 	17.88    	-0.10 (-0.56%)
501 	Macerich Company                                    	MAC    	0.014347 	34.08    	0.38 (1.13%)
502 	Nordstrom Inc.                                      	JWN    	0.014071 	30.76    	-0.17 (-0.53%)
503 	Coty Inc. Class A                                   	COTY   	0.013870 	11.37    	-0.05 (-0.44%)
504 	News Corporation Class B                            	NWS    	0.006209 	13.72    	0.02 (0.15%)
